," - ′23.8.31일 0시 기준, 질병관리청 질병보건통합관리시스템에 신고된 코로나19 확진환자",,,
,,,,
서울시기준일,서울시 일자별 확진자,서울시 누적 확진자,서울시 일자별 사망자,서울시 누적 사망자
2020-01-19,0,0,0,0
2020-01-20,0,0,0,0
2020-01-21,0,0,0,0
2020-01-22,0,0,0,0
2020-01-23,0,0,0,0
2020-01-24,1,1,0,0
2020-01-25,0,1,0,0
2020-01-26,0,1,0,0
2020-01-27,0,1,0,0
2020-01-28,0,1,0,0
2020-01-29,0,1,0,0
2020-01-30,3,4,0,0
2020-01-31,3,7,0,0
2020-02-01,0,7,0,0
2020-02-02,1,8,0,0
2020-02-03,0,8,0,0
2020-02-04,0,8,0,0
2020-02-05,2,10,0,0
2020-02-06,2,12,0,0
2020-02-07,0,12,0,0
2020-02-08,0,12,0,0
2020-02-09,0,12,0,0
2020-02-10,0,12,0,0
2020-02-11,0,12,0,0
2020-02-12,0,12,0,0
2020-02-13,0,12,0,0
2020-02-14,0,12,0,0
2020-02-15,0,12,0,0
2020-02-16,2,14,0,0
2020-02-17,0,14,0,0
2020-02-18,0,14,0,0
2020-02-19,2,16,0,0
2020-02-20,0,16,0,0
2020-02-21,5,21,0,0
2020-02-22,2,23,0,0
2020-02-23,3,26,0,0
2020-02-24,4,30,0,0
2020-02-25,7,37,0,0
2020-02-26,8,45,0,0
2020-02-27,10,55,0,0
2020-02-28,7,62,0,0
2020-02-29,12,74,0,0
2020-03-01,8,82,0,0
2020-03-02,9,91,0,0
2020-03-03,7,98,0,0
2020-03-04,0,98,0,0
2020-03-05,5,103,0,0
2020-03-06,2,105,0,0
2020-03-07,3,108,0,0
2020-03-08,12,120,0,0
2020-03-09,10,130,0,0
2020-03-10,11,141,0,0
2020-03-11,53,194,0,0
2020-03-12,19,213,0,0
2020-03-13,12,225,0,0
2020-03-14,13,238,0,0
2020-03-15,9,247,0,0
2020-03-16,6,253,0,0
2020-03-17,12,265,0,0
2020-03-18,5,270,0,0
2020-03-19,12,282,0,0
2020-03-20,17,299,0,0
2020-03-21,15,314,0,0
2020-03-22,10,324,0,0
2020-03-23,6,330,0,0
2020-03-24,4,334,0,0
2020-03-25,13,347,0,0
2020-03-26,13,360,0,0
2020-03-27,12,372,0,0
2020-03-28,18,390,0,0
2020-03-29,20,410,0,0
2020-03-30,16,426,0,0
2020-03-31,24,450,0,0
2020-04-01,24,474,0,0
2020-04-02,14,488,0,0
2020-04-03,18,506,0,0
2020-04-04,22,528,0,0
2020-04-05,24,552,0,0
2020-04-06,11,563,0,0
2020-04-07,4,567,0,0
2020-04-08,11,578,1,1
2020-04-09,12,590,0,1
2020-04-10,5,595,0,1
2020-04-11,4,599,0,1
2020-04-12,3,602,0,1
2020-04-13,8,610,0,1
2020-04-14,2,612,0,1
2020-04-15,5,617,0,1
2020-04-16,2,619,0,1
2020-04-17,2,621,0,1
2020-04-18,1,622,0,1
2020-04-19,2,624,0,1
2020-04-20,0,624,0,1
2020-04-21,2,626,0,1
2020-04-22,2,628,0,1
2020-04-23,0,628,0,1
2020-04-24,0,628,0,1
2020-04-25,1,629,0,1
2020-04-26,0,629,0,1
2020-04-27,0,629,0,1
2020-04-28,4,633,0,1
2020-04-29,0,633,0,1
2020-04-30,0,633,0,1
2020-05-01,1,634,0,1
2020-05-02,1,635,0,1
2020-05-03,2,637,0,1
2020-05-04,0,637,0,1
2020-05-05,0,637,0,1
2020-05-06,0,637,0,1
2020-05-07,0,637,0,1
2020-05-08,0,637,0,1
2020-05-09,12,649,0,1
2020-05-10,14,663,0,1
2020-05-11,21,684,0,1
2020-05-12,12,696,0,1
2020-05-13,11,707,1,2
2020-05-14,4,711,1,3
2020-05-15,14,725,0,3
2020-05-16,5,730,0,3
2020-05-17,5,735,0,3
2020-05-18,1,736,0,3
2020-05-19,6,742,0,3
2020-05-20,10,752,0,3
2020-05-21,4,756,0,3
2020-05-22,2,758,0,3
2020-05-23,4,762,0,3
2020-05-24,6,768,0,3
2020-05-25,6,774,0,3
2020-05-26,9,783,0,3
2020-05-27,19,802,0,3
2020-05-28,24,826,0,3
2020-05-29,20,846,0,3
2020-05-30,9,855,0,3
2020-05-31,6,861,0,3
2020-06-01,1,862,0,3
2020-06-02,14,876,0,3
2020-06-03,19,895,0,3
2020-06-04,14,909,0,3
2020-06-05,15,924,0,3
2020-06-06,23,947,0,3
2020-06-07,27,974,0,3
2020-06-08,21,995,0,3
2020-06-09,19,"1,014",0,3
2020-06-10,12,"1,026",0,3
2020-06-11,21,"1,047",0,3
2020-06-12,25,"1,072",0,3
2020-06-13,29,"1,101",0,3
2020-06-14,12,"1,113",0,3
2020-06-15,7,"1,120",0,3
2020-06-16,12,"1,132",0,3
2020-06-17,13,"1,145",1,4
2020-06-18,25,"1,170",1,5
2020-06-19,18,"1,188",0,5
2020-06-20,14,"1,202",0,5
2020-06-21,17,"1,219",0,5
2020-06-22,5,"1,224",0,5
2020-06-23,6,"1,230",0,5
2020-06-24,11,"1,241",0,5
2020-06-25,9,"1,250",1,6
2020-06-26,17,"1,267",0,6
2020-06-27,17,"1,284",0,6
2020-06-28,14,"1,298",0,6
2020-06-29,7,"1,305",0,6
2020-06-30,7,"1,312",0,6
2020-07-01,9,"1,321",0,6
2020-07-02,13,"1,334",0,6
2020-07-03,12,"1,346",0,6
2020-07-04,7,"1,353",1,7
2020-07-05,16,"1,369",0,7
2020-07-06,3,"1,372",0,7
2020-07-07,3,"1,375",0,7
2020-07-08,10,"1,385",0,7
2020-07-09,8,"1,393",1,8
2020-07-10,8,"1,401",0,8
2020-07-11,8,"1,409",0,8
2020-07-12,7,"1,416",0,8
2020-07-13,13,"1,429",0,8
2020-07-14,7,"1,436",0,8
2020-07-15,6,"1,442",0,8
2020-07-16,7,"1,449",0,8
2020-07-17,9,"1,458",0,8
2020-07-18,6,"1,464",0,8
2020-07-19,10,"1,474",1,9
2020-07-20,3,"1,477",0,9
2020-07-21,21,"1,498",0,9
2020-07-22,16,"1,514",1,10
2020-07-23,12,"1,526",0,10
2020-07-24,21,"1,547",0,10
2020-07-25,11,"1,558",0,10
2020-07-26,7,"1,565",0,10
2020-07-27,9,"1,574",0,10
2020-07-28,6,"1,580",0,10
2020-07-29,9,"1,589",0,10
2020-07-30,3,"1,592",0,10
2020-07-31,8,"1,600",0,10
2020-08-01,2,"1,602",0,10
2020-08-02,5,"1,607",0,10
2020-08-03,5,"1,612",0,10
2020-08-04,9,"1,621",0,10
2020-08-05,6,"1,627",1,11
2020-08-06,9,"1,636",0,11
2020-08-07,9,"1,645",1,12
2020-08-08,17,"1,662",0,12
2020-08-09,13,"1,675",0,12
2020-08-10,13,"1,688",0,12
2020-08-11,6,"1,694",0,12
2020-08-12,15,"1,709",0,12
2020-08-13,26,"1,735",0,12
2020-08-14,32,"1,767",0,12
2020-08-15,74,"1,841",0,12
2020-08-16,146,"1,987",0,12
2020-08-17,90,"2,077",0,12
2020-08-18,132,"2,209",1,13
2020-08-19,151,"2,360",0,13
2020-08-20,135,"2,495",1,14
2020-08-21,126,"2,621",1,15
2020-08-22,129,"2,750",0,15
2020-08-23,140,"2,890",0,15
2020-08-24,97,"2,987",0,15
2020-08-25,135,"3,122",0,15
2020-08-26,111,"3,233",1,16
2020-08-27,154,"3,387",0,16
2020-08-28,146,"3,533",2,18
2020-08-29,125,"3,658",1,19
2020-08-30,116,"3,774",2,21
2020-08-31,94,"3,868",1,22
2020-09-01,94,"3,962",0,22
2020-09-02,101,"4,063",1,23
2020-09-03,69,"4,132",0,23
2020-09-04,68,"4,200",0,23
2020-09-05,51,"4,251",1,24
2020-09-06,63,"4,314",1,25
2020-09-07,48,"4,362",2,27
2020-09-08,67,"4,429",4,31
2020-09-09,49,"4,478",0,31
2020-09-10,48,"4,526",0,31
2020-09-11,63,"4,589",2,33
2020-09-12,50,"4,639",1,34
2020-09-13,31,"4,670",3,37
2020-09-14,41,"4,711",2,39
2020-09-15,32,"4,743",2,41
2020-09-16,51,"4,794",0,41
2020-09-17,64,"4,858",1,42
2020-09-18,46,"4,904",3,45
2020-09-19,40,"4,944",0,45
2020-09-20,28,"4,972",1,46
2020-09-21,23,"4,995",1,47
2020-09-22,21,"5,016",1,48
2020-09-23,40,"5,056",0,48
2020-09-24,39,"5,095",1,49
2020-09-25,57,"5,152",2,51
2020-09-26,26,"5,178",1,52
2020-09-27,34,"5,212",0,52
2020-09-28,19,"5,231",1,53
2020-09-29,11,"5,242",0,53
2020-09-30,51,"5,293",2,55
2020-10-01,30,"5,323",1,56
2020-10-02,11,"5,334",0,56
2020-10-03,26,"5,360",2,58
2020-10-04,16,"5,376",1,59
2020-10-05,19,"5,395",1,60
2020-10-06,15,"5,410",0,60
2020-10-07,33,"5,443",0,60
2020-10-08,20,"5,463",1,61
2020-10-09,22,"5,485",0,61
2020-10-10,25,"5,510",1,62
2020-10-11,23,"5,533",1,63
2020-10-12,31,"5,564",0,63
2020-10-13,20,"5,584",1,64
2020-10-14,23,"5,607",1,65
2020-10-15,25,"5,632",0,65
2020-10-16,18,"5,650",1,66
2020-10-17,18,"5,668",1,67
2020-10-18,20,"5,688",1,68
2020-10-19,14,"5,702",0,68
2020-10-20,11,"5,713",0,68
2020-10-21,17,"5,730",2,70
2020-10-22,18,"5,748",3,73
2020-10-23,20,"5,768",0,73
2020-10-24,22,"5,790",0,73
2020-10-25,17,"5,807",0,73
2020-10-26,20,"5,827",0,73
2020-10-27,24,"5,851",2,75
2020-10-28,25,"5,876",1,76
2020-10-29,36,"5,912",1,77
2020-10-30,47,"5,959",0,77
2020-10-31,52,"6,011",0,77
2020-11-01,45,"6,056",0,77
2020-11-02,25,"6,081",0,77
2020-11-03,22,"6,103",0,77
2020-11-04,42,"6,145",0,77
2020-11-05,50,"6,195",0,77
2020-11-06,40,"6,235",0,77
2020-11-07,37,"6,272",0,77
2020-11-08,54,"6,326",0,77
2020-11-09,46,"6,372",0,77
2020-11-10,35,"6,407",0,77
2020-11-11,45,"6,452",0,77
2020-11-12,53,"6,505",0,77
2020-11-13,74,"6,579",0,77
2020-11-14,69,"6,648",1,78
2020-11-15,85,"6,733",1,79
2020-11-16,80,"6,813",0,79
2020-11-17,90,"6,903",0,79
2020-11-18,92,"6,995",1,80
2020-11-19,109,"7,104",1,81
2020-11-20,132,"7,236",1,82
2020-11-21,156,"7,392",1,83
2020-11-22,121,"7,513",0,83
2020-11-23,112,"7,625",1,84
2020-11-24,133,"7,758",1,85
2020-11-25,142,"7,900",0,85
2020-11-26,212,"8,112",1,86
2020-11-27,204,"8,316",0,86
2020-11-28,178,"8,494",3,89
2020-11-29,158,"8,652",1,90
2020-11-30,159,"8,811",1,91
2020-12-01,155,"8,966",0,91
2020-12-02,193,"9,159",0,91
2020-12-03,262,"9,421",2,93
2020-12-04,295,"9,716",2,95
2020-12-05,235,"9,951",2,97
2020-12-06,254,"10,205",1,98
2020-12-07,244,"10,449",1,99
2020-12-08,211,"10,660",2,101
2020-12-09,262,"10,922",1,102
2020-12-10,249,"11,171",0,102
2020-12-11,252,"11,423",1,103
2020-12-12,362,"11,785",3,106
2020-12-13,399,"12,184",0,106
2020-12-14,219,"12,403",3,109
2020-12-15,251,"12,654",3,112
2020-12-16,378,"13,032",5,117
2020-12-17,422,"13,454",5,122
2020-12-18,398,"13,852",1,123
2020-12-19,380,"14,232",2,125
2020-12-20,472,"14,704",2,127
2020-12-21,327,"15,031",6,133
2020-12-22,316,"15,347",7,140
2020-12-23,375,"15,722",1,141
2020-12-24,319,"16,041",2,143
2020-12-25,552,"16,593",1,144
2020-12-26,465,"17,058",7,151
2020-12-27,362,"17,420",2,153
2020-12-28,299,"17,719",2,155
2020-12-29,520,"18,239",8,163
2020-12-30,387,"18,626",5,168
2020-12-31,366,"18,992",5,173
2021-01-01,357,"19,349",5,178
2021-01-02,250,"19,599",4,182
2021-01-03,198,"19,797",3,185
2021-01-04,329,"20,126",4,189
2021-01-05,199,"20,325",11,200
2021-01-06,263,"20,588",3,203
2021-01-07,297,"20,885",6,209
2021-01-08,191,"21,076",10,219
2021-01-09,188,"21,264",0,219
2021-01-10,187,"21,451",7,226
2021-01-11,141,"21,592",8,234
2021-01-12,167,"21,759",10,244
2021-01-13,152,"21,911",2,246
2021-01-14,134,"22,045",2,248
2021-01-15,127,"22,172",2,250
2021-01-16,156,"22,328",8,258
2021-01-17,145,"22,473",3,261
2021-01-18,132,"22,605",6,267
2021-01-19,101,"22,706",6,273
2021-01-20,143,"22,849",2,275
2021-01-21,125,"22,974",6,281
2021-01-22,115,"23,089",5,286
2021-01-23,127,"23,216",4,290
2021-01-24,133,"23,349",3,293
2021-01-25,101,"23,450",4,297
2021-01-26,104,"23,554",3,300
2021-01-27,129,"23,683",3,303
2021-01-28,105,"23,788",4,307
2021-01-29,112,"23,900",6,313
2021-01-30,152,"24,052",6,319
2021-01-31,99,"24,151",1,320
2021-02-01,107,"24,258",1,321
2021-02-02,128,"24,386",1,322
2021-02-03,188,"24,574",1,323
2021-02-04,172,"24,746",2,325
2021-02-05,126,"24,872",3,328
2021-02-06,143,"25,015",1,329
2021-02-07,144,"25,159",5,334
2021-02-08,112,"25,271",1,335
2021-02-09,90,"25,361",2,337
2021-02-10,175,"25,536",2,339
2021-02-11,183,"25,719",4,343
2021-02-12,158,"25,877",4,347
2021-02-13,136,"26,013",0,347
2021-02-14,152,"26,165",3,350
2021-02-15,150,"26,315",1,351
2021-02-16,161,"26,476",3,354
2021-02-17,258,"26,734",1,355
2021-02-18,185,"26,919",2,357
2021-02-19,180,"27,099",2,359
2021-02-20,122,"27,221",1,360
2021-02-21,130,"27,351",0,360
2021-02-22,106,"27,457",4,364
2021-02-23,125,"27,582",2,366
2021-02-24,144,"27,726",1,367
2021-02-25,122,"27,848",1,368
2021-02-26,131,"27,979",2,370
2021-02-27,131,"28,110",3,373
2021-02-28,120,"28,230",2,375
2021-03-01,92,"28,322",1,376
2021-03-02,122,"28,444",0,376
2021-03-03,119,"28,563",4,380
2021-03-04,118,"28,681",3,383
2021-03-05,129,"28,810",3,386
2021-03-06,128,"28,938",2,388
2021-03-07,132,"29,070",1,389
2021-03-08,100,"29,170",2,391
2021-03-09,102,"29,272",0,391
2021-03-10,138,"29,410",2,393
2021-03-11,138,"29,548",1,394
2021-03-12,140,"29,688",1,395
2021-03-13,140,"29,828",3,398
2021-03-14,112,"29,940",1,399
2021-03-15,109,"30,049",2,401
2021-03-16,79,"30,128",2,403
2021-03-17,120,"30,248",3,406
2021-03-18,124,"30,372",0,406
2021-03-19,146,"30,518",1,407
2021-03-20,115,"30,633",0,407
2021-03-21,125,"30,758",1,408
2021-03-22,109,"30,867",1,409
2021-03-23,97,"30,964",0,409
2021-03-24,137,"31,101",2,411
2021-03-25,127,"31,228",1,412
2021-03-26,121,"31,349",2,414
2021-03-27,127,"31,476",2,416
2021-03-28,138,"31,614",0,416
2021-03-29,107,"31,721",0,416
2021-03-30,145,"31,866",1,417
2021-03-31,158,"32,024",0,417
2021-04-01,199,"32,223",1,418
2021-04-02,166,"32,389",1,419
2021-04-03,155,"32,544",1,420
2021-04-04,149,"32,693",2,422
2021-04-05,152,"32,845",0,422
2021-04-06,147,"32,992",0,422
2021-04-07,198,"33,190",2,424
2021-04-08,244,"33,434",0,424
2021-04-09,215,"33,649",3,427
2021-04-10,201,"33,850",0,427
2021-04-11,214,"34,064",0,427
2021-04-12,162,"34,226",1,428
2021-04-13,158,"34,384",2,430
2021-04-14,247,"34,631",1,431
2021-04-15,217,"34,848",2,433
2021-04-16,216,"35,064",2,435
2021-04-17,217,"35,281",1,436
2021-04-18,204,"35,485",0,436
2021-04-19,137,"35,622",0,436
2021-04-20,148,"35,770",0,436
2021-04-21,218,"35,988",0,436
2021-04-22,230,"36,218",0,436
2021-04-23,204,"36,422",1,437
2021-04-24,253,"36,675",0,437
2021-04-25,175,"36,850",0,437
2021-04-26,154,"37,004",1,438
2021-04-27,116,"37,120",0,438
2021-04-28,257,"37,377",0,438
2021-04-29,227,"37,604",2,440
2021-04-30,227,"37,831",1,441
2021-05-01,195,"38,026",2,443
2021-05-02,182,"38,208",1,444
2021-05-03,126,"38,334",0,444
2021-05-04,184,"38,518",1,445
2021-05-05,238,"38,756",0,445
2021-05-06,212,"38,968",1,446
2021-05-07,179,"39,147",4,450
2021-05-08,242,"39,389",2,452
2021-05-09,195,"39,584",3,455
2021-05-10,141,"39,725",0,455
2021-05-11,163,"39,888",2,457
2021-05-12,222,"40,110",2,459
2021-05-13,227,"40,337",2,461
2021-05-14,231,"40,568",0,461
2021-05-15,254,"40,822",0,461
2021-05-16,213,"41,035",3,464
2021-05-17,195,"41,230",1,465
2021-05-18,172,"41,402",0,465
2021-05-19,249,"41,651",2,467
2021-05-20,242,"41,893",1,468
2021-05-21,172,"42,065",4,472
2021-05-22,208,"42,273",1,473
2021-05-23,181,"42,454",0,473
2021-05-24,139,"42,593",0,473
2021-05-25,138,"42,731",0,473
2021-05-26,261,"42,992",1,474
2021-05-27,218,"43,210",1,475
2021-05-28,214,"43,424",3,478
2021-05-29,194,"43,618",1,479
2021-05-30,160,"43,778",2,481
2021-05-31,130,"43,908",0,481
2021-06-01,147,"44,055",3,484
2021-06-02,258,"44,313",1,485
2021-06-03,215,"44,528",3,488
2021-06-04,206,"44,734",1,489
2021-06-05,277,"45,011",0,489
2021-06-06,179,"45,190",1,490
2021-06-07,159,"45,349",0,490
2021-06-08,139,"45,488",1,491
2021-06-09,183,"45,671",1,492
2021-06-10,212,"45,883",0,492
2021-06-11,204,"46,087",0,492
2021-06-12,208,"46,295",0,492
2021-06-13,176,"46,471",2,494
2021-06-14,122,"46,593",0,494
2021-06-15,131,"46,724",1,495
2021-06-16,201,"46,925",1,496
2021-06-17,201,"47,126",1,497
2021-06-18,200,"47,326",1,498
2021-06-19,197,"47,523",1,499
2021-06-20,165,"47,688",1,500
2021-06-21,134,"47,822",1,501
2021-06-22,131,"47,953",1,502
2021-06-23,236,"48,189",1,503
2021-06-24,252,"48,441",0,503
2021-06-25,269,"48,710",1,504
2021-06-26,263,"48,973",1,505
2021-06-27,242,"49,215",0,505
2021-06-28,185,"49,400",1,506
2021-06-29,205,"49,605",0,506
2021-06-30,375,"49,980",0,506
2021-07-01,333,"50,313",1,507
2021-07-02,346,"50,659",1,508
2021-07-03,359,"51,018",1,509
2021-07-04,289,"51,307",0,509
2021-07-05,307,"51,614",1,510
2021-07-06,320,"51,934",1,511
2021-07-07,582,"52,516",0,511
2021-07-08,550,"53,066",0,511
2021-07-09,503,"53,569",1,512
2021-07-10,509,"54,078",2,514
2021-07-11,509,"54,587",2,516
2021-07-12,403,"54,990",0,516
2021-07-13,417,"55,407",0,516
2021-07-14,637,"56,044",1,517
2021-07-15,519,"56,563",1,518
2021-07-16,568,"57,131",0,518
2021-07-17,559,"57,690",2,520
2021-07-18,522,"58,212",0,520
2021-07-19,419,"58,631",0,520
2021-07-20,394,"59,025",0,520
2021-07-21,604,"59,629",1,521
2021-07-22,499,"60,128",0,521
2021-07-23,519,"60,647",0,521
2021-07-24,465,"61,112",0,521
2021-07-25,489,"61,601",1,522
2021-07-26,341,"61,942",0,522
2021-07-27,351,"62,293",0,522
2021-07-28,573,"62,866",2,524
2021-07-29,514,"63,380",1,525
2021-07-30,488,"63,868",0,525
2021-07-31,475,"64,343",2,527
2021-08-01,473,"64,816",1,528
2021-08-02,364,"65,180",0,528
2021-08-03,311,"65,491",2,530
2021-08-04,486,"65,977",0,530
2021-08-05,466,"66,443",2,532
2021-08-06,464,"66,907",1,533
2021-08-07,503,"67,410",0,533
2021-08-08,450,"67,860",2,535
2021-08-09,413,"68,273",1,536
2021-08-10,359,"68,632",2,538
2021-08-11,660,"69,292",1,539
2021-08-12,526,"69,818",0,539
2021-08-13,524,"70,342",3,542
2021-08-14,513,"70,855",1,543
2021-08-15,488,"71,343",3,546
2021-08-16,363,"71,706",3,549
2021-08-17,365,"72,071",3,552
2021-08-18,509,"72,580",1,553
2021-08-19,575,"73,155",3,556
2021-08-20,554,"73,709",2,558
2021-08-21,525,"74,234",1,559
2021-08-22,497,"74,731",4,563
2021-08-23,388,"75,119",2,565
2021-08-24,436,"75,555",1,566
2021-08-25,677,"76,232",1,567
2021-08-26,570,"76,802",3,570
2021-08-27,556,"77,358",1,571
2021-08-28,569,"77,927",2,573
2021-08-29,517,"78,444",0,573
2021-08-30,442,"78,886",1,574
2021-08-31,456,"79,342",1,575
2021-09-01,665,"80,007",1,576
2021-09-02,558,"80,565",3,579
2021-09-03,542,"81,107",0,579
2021-09-04,565,"81,672",2,581
2021-09-05,508,"82,180",2,583
2021-09-06,464,"82,644",1,584
2021-09-07,482,"83,126",2,586
2021-09-08,670,"83,796",2,588
2021-09-09,666,"84,462",2,590
2021-09-10,670,"85,132",4,594
2021-09-11,659,"85,791",4,598
2021-09-12,658,"86,449",0,598
2021-09-13,556,"87,005",0,598
2021-09-14,539,"87,544",1,599
2021-09-15,808,"88,352",3,602
2021-09-16,717,"89,069",2,604
2021-09-17,746,"89,815",0,604
2021-09-18,703,"90,518",2,606
2021-09-19,742,"91,260",1,607
2021-09-20,583,"91,843",1,608
2021-09-21,676,"92,519",2,610
2021-09-22,644,"93,163",1,611
2021-09-23,645,"93,808",4,615
2021-09-24,904,"94,712",2,617
2021-09-25,"1,220","95,932",3,620
2021-09-26,926,"96,858",2,622
2021-09-27,776,"97,634",1,623
2021-09-28,840,"98,474",2,625
2021-09-29,"1,051","99,525",4,629
2021-09-30,943,"100,468",4,633
2021-10-01,913,"101,381",6,639
2021-10-02,792,"102,173",4,643
2021-10-03,734,"102,907",2,645
2021-10-04,572,"103,479",1,646
2021-10-05,521,"104,000",6,652
2021-10-06,690,"104,690",4,656
2021-10-07,835,"105,525",3,659
2021-10-08,772,"106,297",5,664
2021-10-09,711,"107,008",4,668
2021-10-10,582,"107,590",5,673
2021-10-11,511,"108,101",5,678
2021-10-12,482,"108,583",6,684
2021-10-13,580,"109,163",2,686
2021-10-14,746,"109,909",5,691
2021-10-15,681,"110,590",1,692
2021-10-16,584,"111,174",7,699
2021-10-17,506,"111,680",8,707
2021-10-18,355,"112,035",4,711
2021-10-19,298,"112,333",11,722
2021-10-20,504,"112,837",5,727
2021-10-21,506,"113,343",4,731
2021-10-22,519,"113,862",5,736
2021-10-23,550,"114,412",9,745
2021-10-24,518,"114,930",8,753
2021-10-25,455,"115,385",5,758
2021-10-26,427,"115,812",7,765
2021-10-27,729,"116,541",3,768
2021-10-28,788,"117,329",3,771
2021-10-29,769,"118,098",4,775
2021-10-30,705,"118,803",2,777
2021-10-31,760,"119,563",8,785
2021-11-01,646,"120,209",3,788
2021-11-02,599,"120,808",3,791
2021-11-03,"1,002","121,810",5,796
2021-11-04,946,"122,756",7,803
2021-11-05,979,"123,735",4,807
2021-11-06,915,"124,650",4,811
2021-11-07,848,"125,498",6,817
2021-11-08,707,"126,205",5,822
2021-11-09,661,"126,866",7,829
2021-11-10,972,"127,838",4,833
2021-11-11,"1,003","128,841",11,844
2021-11-12,948,"129,789",6,850
2021-11-13,"1,005","130,794",8,858
2021-11-14,977,"131,771",7,865
2021-11-15,856,"132,627",3,868
2021-11-16,846,"133,473",11,879
2021-11-17,"1,433","134,906",8,887
2021-11-18,"1,428","136,334",14,901
2021-11-19,"1,399","137,733",14,915
2021-11-20,"1,370","139,103",15,930
2021-11-21,"1,318","140,421",11,941
2021-11-22,"1,278","141,699",8,949
2021-11-23,"1,163","142,862",13,962
2021-11-24,"1,733","144,595",20,982
2021-11-25,"1,757","146,352",11,993
2021-11-26,"1,738","148,090",21,"1,014"
2021-11-27,"1,885","149,975",21,"1,035"
2021-11-28,"1,672","151,647",26,"1,061"
2021-11-29,"1,392","153,039",12,"1,073"
2021-11-30,"1,185","154,224",16,"1,089"
2021-12-01,"2,219","156,443",12,"1,101"
2021-12-02,"2,265","158,708",24,"1,125"
2021-12-03,"2,099","160,807",11,"1,136"
2021-12-04,"2,270","163,077",30,"1,166"
2021-12-05,"2,029","165,106",15,"1,181"
2021-12-06,"1,408","166,514",21,"1,202"
2021-12-07,"2,115","168,629",25,"1,227"
2021-12-08,"2,899","171,528",24,"1,251"
2021-12-09,"2,788","174,316",17,"1,268"
2021-12-10,"2,793","177,109",24,"1,292"
2021-12-11,"2,831","179,940",24,"1,316"
2021-12-12,"2,524","182,464",12,"1,328"
2021-12-13,"2,550","185,014",16,"1,344"
2021-12-14,"2,059","187,073",39,"1,383"
2021-12-15,"3,159","190,232",23,"1,406"
2021-12-16,"3,049","193,281",20,"1,426"
2021-12-17,"2,845","196,126",22,"1,448"
2021-12-18,"2,790","198,916",18,"1,466"
2021-12-19,"2,316","201,232",22,"1,488"
2021-12-20,"1,905","203,137",17,"1,505"
2021-12-21,"1,993","205,130",16,"1,521"
2021-12-22,"2,801","207,931",32,"1,553"
2021-12-23,"2,716","210,647",28,"1,581"
2021-12-24,"2,343","212,990",17,"1,598"
2021-12-25,"2,118","215,108",46,"1,644"
2021-12-26,"1,915","217,023",18,"1,662"
2021-12-27,"1,495","218,518",17,"1,679"
2021-12-28,"1,289","219,807",23,"1,702"
2021-12-29,"1,909","221,716",8,"1,710"
2021-12-30,"1,719","223,435",21,"1,731"
2021-12-31,"1,666","225,101",35,"1,766"
2022-01-01,"1,462","226,563",27,"1,793"
2022-01-02,"1,175","227,738",26,"1,819"
2022-01-03,989,"228,727",8,"1,827"
2022-01-04,937,"229,664",18,"1,845"
2022-01-05,"1,410","231,074",23,"1,868"
2022-01-06,"1,207","232,281",10,"1,878"
2022-01-07,"1,032","233,313",15,"1,893"
2022-01-08,988,"234,301",21,"1,914"
2022-01-09,957,"235,258",21,"1,935"
2022-01-10,779,"236,037",10,"1,945"
2022-01-11,750,"236,787",13,"1,958"
2022-01-12,"1,089","237,876",18,"1,976"
2022-01-13,973,"238,849",13,"1,989"
2022-01-14,937,"239,786",14,"2,003"
2022-01-15,906,"240,692",9,"2,012"
2022-01-16,917,"241,609",11,"2,023"
2022-01-17,784,"242,393",7,"2,030"
2022-01-18,757,"243,150",12,"2,042"
2022-01-19,"1,224","244,374",43,"2,085"
2022-01-20,"1,361","245,735",10,"2,095"
2022-01-21,"1,549","247,284",5,"2,100"
2022-01-22,"1,583","248,867",13,"2,113"
2022-01-23,"1,691","250,558",5,"2,118"
2022-01-24,"1,677","252,235",8,"2,126"
2022-01-25,"1,722","253,957",7,"2,133"
2022-01-26,"3,171","257,128",9,"2,142"
2022-01-27,"3,422","260,550",4,"2,146"
2022-01-28,"3,985","264,535",1,"2,147"
2022-01-29,"4,194","268,729",8,"2,155"
2022-01-30,"4,177","272,906",2,"2,157"
2022-01-31,"4,184","277,090",1,"2,158"
2022-02-01,"4,126","281,216",2,"2,160"
2022-02-02,"4,204","285,420",3,"2,163"
2022-02-03,"5,215","290,635",6,"2,169"
2022-02-04,"6,154","296,789",3,"2,172"
2022-02-05,"8,588","305,377",5,"2,177"
2022-02-06,"7,817","313,194",4,"2,181"
2022-02-07,"6,881","320,075",2,"2,183"
2022-02-08,"5,905","325,980",4,"2,187"
2022-02-09,"11,661","337,641",3,"2,190"
2022-02-10,"11,872","349,513",5,"2,195"
2022-02-11,"11,529","361,042",7,"2,202"
2022-02-12,"13,195","374,237",3,"2,205"
2022-02-13,"11,818","386,055",9,"2,214"
2022-02-14,"11,527","397,582",5,"2,219"
2022-02-15,"12,438","410,020",7,"2,226"
2022-02-16,"18,870","428,890",8,"2,234"
2022-02-17,"19,683","448,573",7,"2,241"
2022-02-18,"25,634","474,207",8,"2,249"
2022-02-19,"23,177","497,384",11,"2,260"
2022-02-20,"22,087","519,471",4,"2,264"
2022-02-21,"20,008","539,479",10,"2,274"
2022-02-22,"21,787","561,266",10,"2,284"
2022-02-23,"41,455","602,721",13,"2,297"
2022-02-24,"37,157","639,878",11,"2,308"
2022-02-25,"35,581","675,459",12,"2,320"
2022-02-26,"36,821","712,280",19,"2,339"
2022-02-27,"35,337","747,617",7,"2,346"
2022-02-28,"27,967","775,584",36,"2,382"
2022-03-01,"27,877","803,461",26,"2,408"
2022-03-02,"46,924","850,385",18,"2,426"
2022-03-03,"43,667","894,052",18,"2,444"
2022-03-04,"59,256","953,308",34,"2,478"
2022-03-05,"53,179","1,006,487",30,"2,508"
2022-03-06,"49,438","1,055,925",26,"2,534"
2022-03-07,"39,546","1,095,471",23,"2,557"
2022-03-08,"37,472","1,132,943",25,"2,582"
2022-03-09,"74,215","1,207,158",23,"2,605"
2022-03-10,"66,842","1,274,000",31,"2,636"
2022-03-11,"56,590","1,330,590",32,"2,668"
2022-03-12,"80,424","1,411,014",46,"2,714"
2022-03-13,"67,798","1,478,812",28,"2,742"
2022-03-14,"56,785","1,535,597",24,"2,766"
2022-03-15,"66,047","1,601,644",42,"2,808"
2022-03-16,"81,367","1,683,011",26,"2,834"
2022-03-17,"128,314","1,811,325",66,"2,900"
2022-03-18,"81,971","1,893,296",41,"2,941"
2022-03-19,"82,081","1,975,377",47,"2,988"
2022-03-20,"65,832","2,041,209",44,"3,032"
2022-03-21,"41,054","2,082,263",39,"3,071"
2022-03-22,"64,997","2,147,260",46,"3,117"
2022-03-23,"101,086","2,248,346",43,"3,160"
2022-03-24,"77,730","2,326,076",61,"3,221"
2022-03-25,"66,919","2,392,995",58,"3,279"
2022-03-26,"63,997","2,456,992",36,"3,315"
2022-03-27,"59,130","2,516,122",29,"3,344"
2022-03-28,"34,183","2,550,305",40,"3,384"
2022-03-29,"66,050","2,616,355",42,"3,426"
2022-03-30,"81,799","2,698,154",61,"3,487"
2022-03-31,"60,109","2,758,263",49,"3,536"
2022-04-01,"51,703","2,809,966",45,"3,581"
2022-04-02,"48,666","2,858,632",58,"3,639"
2022-04-03,"42,088","2,900,720",47,"3,686"
2022-04-04,"20,886","2,921,606",29,"3,715"
2022-04-05,"51,479","2,973,085",29,"3,744"
2022-04-06,"52,411","3,025,496",64,"3,808"
2022-04-07,"39,867","3,065,363",44,"3,852"
2022-04-08,"36,200","3,101,563",64,"3,916"
2022-04-09,"32,309","3,133,872",57,"3,973"
2022-04-10,"28,879","3,162,751",67,"4,040"
2022-04-11,"14,244","3,176,995",45,"4,085"
2022-04-12,"39,501","3,216,496",36,"4,121"
2022-04-13,"33,063","3,249,559",24,"4,145"
2022-04-14,"24,967","3,274,526",53,"4,198"
2022-04-15,"21,436","3,295,962",39,"4,237"
2022-04-16,"18,109","3,314,071",37,"4,274"
2022-04-17,"14,799","3,328,870",22,"4,296"
2022-04-18,"7,337","3,336,207",24,"4,320"
2022-04-19,"21,806","3,358,013",19,"4,339"
2022-04-20,"18,311","3,376,324",26,"4,365"
2022-04-21,"15,178","3,391,502",24,"4,389"
2022-04-22,"13,184","3,404,686",32,"4,421"
2022-04-23,"12,329","3,417,015",16,"4,437"
2022-04-24,"10,364","3,427,379",18,"4,455"
2022-04-25,"4,759","3,432,138",16,"4,471"
2022-04-26,"13,552","3,445,690",16,"4,487"
2022-04-27,"11,508","3,457,198",14,"4,501"
2022-04-28,"9,104","3,466,302",19,"4,520"
2022-04-29,"7,724","3,474,026",21,"4,541"
2022-04-30,"6,450","3,480,476",12,"4,553"
2022-05-01,"5,460","3,485,936",16,"4,569"
2022-05-02,"2,646","3,488,582",9,"4,578"
2022-05-03,"8,708","3,497,290",3,"4,581"
2022-05-04,"7,434","3,504,724",12,"4,593"
2022-05-05,"6,641","3,511,365",17,"4,610"
2022-05-06,"3,590","3,514,955",7,"4,617"
2022-05-07,"6,639","3,521,594",26,"4,643"
2022-05-08,"5,973","3,527,567",13,"4,656"
2022-05-09,"2,713","3,530,280",2,"4,658"
2022-05-10,"8,138","3,538,418",13,"4,671"
2022-05-11,"6,200","3,544,618",4,"4,675"
2022-05-12,"5,693","3,550,311",6,"4,681"
2022-05-13,"5,172","3,555,483",14,"4,695"
2022-05-14,"4,763","3,560,246",16,"4,711"
2022-05-15,"4,022","3,564,268",12,"4,723"
2022-05-16,"1,682","3,565,950",4,"4,727"
2022-05-17,"5,883","3,571,833",3,"4,730"
2022-05-18,"5,041","3,576,874",5,"4,735"
2022-05-19,"4,556","3,581,430",6,"4,741"
2022-05-20,"4,109","3,585,539",8,"4,749"
2022-05-21,"3,585","3,589,124",3,"4,752"
2022-05-22,"2,901","3,592,025",9,"4,761"
2022-05-23,"1,213","3,593,238",3,"4,764"
2022-05-24,"4,269","3,597,507",1,"4,765"
2022-05-25,"3,579","3,601,086",4,"4,769"
2022-05-26,"2,786","3,603,872",3,"4,772"
2022-05-27,"3,029","3,606,901",7,"4,779"
2022-05-28,"2,274","3,609,175",2,"4,781"
2022-05-29,"2,013","3,611,188",2,"4,783"
2022-05-30,"1,119","3,612,307",4,"4,787"
2022-05-31,"3,332","3,615,639",1,"4,788"
2022-06-01,"2,922","3,618,561",4,"4,792"
2022-06-02,"1,821","3,620,382",1,"4,793"
2022-06-03,"2,439","3,622,821",3,"4,796"
2022-06-04,"2,240","3,625,061",2,"4,798"
2022-06-05,"1,717","3,626,778",3,"4,801"
2022-06-06,736,"3,627,514",2,"4,803"
2022-06-07,952,"3,628,466",5,"4,808"
2022-06-08,"2,614","3,631,080",0,"4,808"
2022-06-09,"2,007","3,633,087",2,"4,810"
2022-06-10,"1,534","3,634,621",2,"4,812"
2022-06-11,"1,382","3,636,003",3,"4,815"
2022-06-12,"1,154","3,637,157",2,"4,817"
2022-06-13,660,"3,637,817",2,"4,819"
2022-06-14,"1,759","3,639,576",0,"4,819"
2022-06-15,"1,687","3,641,263",3,"4,822"
2022-06-16,"1,539","3,642,802",3,"4,825"
2022-06-17,"1,274","3,644,076",1,"4,826"
2022-06-18,"1,233","3,645,309",1,"4,827"
2022-06-19,"1,106","3,646,415",1,"4,828"
2022-06-20,706,"3,647,121",3,"4,831"
2022-06-21,"2,032","3,649,153",7,"4,838"
2022-06-22,"1,771","3,650,924",3,"4,841"
2022-06-23,"1,576","3,652,500",2,"4,843"
2022-06-24,"1,581","3,654,081",0,"4,843"
2022-06-25,"1,544","3,655,625",3,"4,846"
2022-06-26,"1,306","3,656,931",1,"4,847"
2022-06-27,595,"3,657,526",0,"4,847"
2022-06-28,"2,467","3,659,993",0,"4,847"
2022-06-29,"2,461","3,662,454",2,"4,849"
2022-06-30,"2,276","3,664,730",1,"4,850"
2022-07-01,"2,338","3,667,068",2,"4,852"
2022-07-02,"2,771","3,669,839",3,"4,855"
2022-07-03,"2,429","3,672,268",2,"4,857"
2022-07-04,"1,156","3,673,424",1,"4,858"
2022-07-05,"4,765","3,678,189",1,"4,859"
2022-07-06,"4,757","3,682,946",2,"4,861"
2022-07-07,"4,573","3,687,519",1,"4,862"
2022-07-08,"4,596","3,692,115",2,"4,864"
2022-07-09,"4,892","3,697,007",2,"4,866"
2022-07-10,"5,228","3,702,235",0,"4,866"
2022-07-11,"2,615","3,704,850",2,"4,868"
2022-07-12,"9,402","3,714,252",1,"4,869"
2022-07-13,"9,354","3,723,606",2,"4,871"
2022-07-14,"9,643","3,733,249",2,"4,873"
2022-07-15,"8,941","3,742,190",2,"4,875"
2022-07-16,"9,447","3,751,637",2,"4,877"
2022-07-17,"8,560","3,760,197",2,"4,879"
2022-07-18,"4,888","3,765,085",3,"4,882"
2022-07-19,"18,024","3,783,109",0,"4,882"
2022-07-20,"17,186","3,800,295",2,"4,884"
2022-07-21,"16,650","3,816,945",4,"4,888"
2022-07-22,"15,364","3,832,309",4,"4,892"
2022-07-23,"14,817","3,847,126",4,"4,896"
2022-07-24,"13,794","3,860,920",3,"4,899"
2022-07-25,"5,961","3,866,881",5,"4,904"
2022-07-26,"23,047","3,889,928",1,"4,905"
2022-07-27,"20,056","3,909,984",5,"4,910"
2022-07-28,"18,143","3,928,127",5,"4,915"
2022-07-29,"17,494","3,945,621",4,"4,919"
2022-07-30,"16,534","3,962,155",6,"4,925"
2022-07-31,"14,130","3,976,285",5,"4,930"
2022-08-01,"7,310","3,983,595",1,"4,931"
2022-08-02,"24,598","4,008,193",3,"4,934"
2022-08-03,"22,993","4,031,186",5,"4,939"
2022-08-04,"20,210","4,051,396",6,"4,945"
2022-08-05,"20,774","4,072,170",8,"4,953"
2022-08-06,"20,145","4,092,315",8,"4,961"
2022-08-07,"18,346","4,110,661",2,"4,963"
2022-08-08,"7,853","4,118,514",7,"4,970"
2022-08-09,"29,465","4,147,979",8,"4,978"
2022-08-10,"26,045","4,174,024",10,"4,988"
2022-08-11,"24,491","4,198,515",11,"4,999"
2022-08-12,"22,812","4,221,327",17,"5,016"
2022-08-13,"21,838","4,243,165",8,"5,024"
2022-08-14,"19,576","4,262,741",10,"5,034"
2022-08-15,"8,233","4,270,974",5,"5,039"
2022-08-16,"13,048","4,284,022",6,"5,045"
2022-08-17,"32,505","4,316,527",7,"5,052"
2022-08-18,"28,356","4,344,883",6,"5,058"
2022-08-19,"21,012","4,365,895",14,"5,072"
2022-08-20,"19,955","4,385,850",14,"5,086"
2022-08-21,"16,734","4,402,584",5,"5,091"
2022-08-22,"7,389","4,409,973",5,"5,096"
2022-08-23,"25,661","4,435,634",11,"5,107"
2022-08-24,"20,561","4,456,195",4,"5,111"
2022-08-25,"17,713","4,473,908",10,"5,121"
2022-08-26,"15,748","4,489,656",14,"5,135"
2022-08-27,"14,577","4,504,233",12,"5,147"
2022-08-28,"13,039","4,517,272",11,"5,158"
2022-08-29,"5,752","4,523,024",10,"5,168"
2022-08-30,"20,406","4,543,430",6,"5,174"
2022-08-31,"15,900","4,559,330",10,"5,184"
2022-09-01,"13,313","4,572,643",22,"5,206"
2022-09-02,"15,558","4,588,201",12,"5,218"
2022-09-03,"13,880","4,602,081",14,"5,232"
2022-09-04,"11,926","4,614,007",13,"5,245"
2022-09-05,"5,316","4,619,323",6,"5,251"
2022-09-06,"18,762","4,638,085",4,"5,255"
2022-09-07,"14,526","4,652,611",12,"5,267"
2022-09-08,"13,063","4,665,674",6,"5,273"
2022-09-09,"12,303","4,677,977",13,"5,286"
2022-09-10,"6,071","4,684,048",7,"5,293"
2022-09-11,"4,800","4,688,848",13,"5,306"
2022-09-12,"6,285","4,695,133",2,"5,308"
2022-09-13,"9,545","4,704,678",4,"5,312"
2022-09-14,"17,377","4,722,055",10,"5,322"
2022-09-15,"11,812","4,733,867",7,"5,329"
2022-09-16,"9,216","4,743,083",6,"5,335"
2022-09-17,"7,653","4,750,736",7,"5,342"
2022-09-18,"5,963","4,756,699",6,"5,348"
2022-09-19,"3,197","4,759,896",6,"5,354"
2022-09-20,"9,728","4,769,624",4,"5,358"
2022-09-21,"7,351","4,776,975",12,"5,370"
2022-09-22,"6,149","4,783,124",12,"5,382"
2022-09-23,"5,617","4,788,741",8,"5,390"
2022-09-24,"5,643","4,794,384",11,"5,401"
2022-09-25,"4,881","4,799,265",11,"5,412"
2022-09-26,"2,332","4,801,597",4,"5,416"
2022-09-27,"8,542","4,810,139",3,"5,419"
2022-09-28,"7,110","4,817,249",8,"5,427"
2022-09-29,"6,259","4,823,508",6,"5,433"
2022-09-30,"5,790","4,829,298",5,"5,438"
2022-10-01,"5,578","4,834,876",5,"5,443"
2022-10-02,"4,786","4,839,662",9,"5,452"
2022-10-03,"2,023","4,841,685",0,"5,452"
2022-10-04,"3,083","4,844,768",2,"5,454"
2022-10-05,"7,664","4,852,432",2,"5,456"
2022-10-06,"5,518","4,857,950",9,"5,465"
2022-10-07,"4,316","4,862,266",6,"5,471"
2022-10-08,"3,958","4,866,224",5,"5,476"
2022-10-09,"3,550","4,869,774",5,"5,481"
2022-10-10,"1,491","4,871,265",4,"5,485"
2022-10-11,"3,049","4,874,314",1,"5,486"
2022-10-12,"6,792","4,881,106",4,"5,490"
2022-10-13,"5,243","4,886,349",0,"5,490"
2022-10-14,"4,830","4,891,179",9,"5,499"
2022-10-15,"4,572","4,895,751",5,"5,504"
2022-10-16,"4,186","4,899,937",4,"5,508"
2022-10-17,"1,915","4,901,852",2,"5,510"
2022-10-18,"7,524","4,909,376",0,"5,510"
2022-10-19,"5,891","4,915,267",6,"5,516"
2022-10-20,"5,408","4,920,675",2,"5,518"
2022-10-21,"5,053","4,925,728",3,"5,521"
2022-10-22,"6,011","4,931,739",3,"5,524"
2022-10-23,"5,170","4,936,909",1,"5,525"
2022-10-24,"2,434","4,939,343",1,"5,526"
2022-10-25,"10,055","4,949,398",4,"5,530"
2022-10-26,"7,901","4,957,299",5,"5,535"
2022-10-27,"6,846","4,964,145",3,"5,538"
2022-10-28,"7,477","4,971,622",3,"5,541"
2022-10-29,"7,572","4,979,194",3,"5,544"
2022-10-30,"6,703","4,985,897",1,"5,545"
2022-10-31,"3,099","4,988,996",5,"5,550"
2022-11-01,"13,014","5,002,010",4,"5,554"
2022-11-02,"10,933","5,012,943",4,"5,558"
2022-11-03,"9,542","5,022,485",5,"5,563"
2022-11-04,"8,672","5,031,157",4,"5,567"
2022-11-05,"8,096","5,039,253",2,"5,569"
2022-11-06,"7,157","5,046,410",3,"5,572"
2022-11-07,"3,317","5,049,727",0,"5,572"
2022-11-08,"14,156","5,063,883",2,"5,574"
2022-11-09,"12,479","5,076,362",7,"5,581"
2022-11-10,"11,069","5,087,431",6,"5,587"
2022-11-11,"10,897","5,098,328",0,"5,587"
2022-11-12,"10,827","5,109,155",12,"5,599"
2022-11-13,"9,257","5,118,412",5,"5,604"
2022-11-14,"3,645","5,122,057",5,"5,609"
2022-11-15,"15,536","5,137,593",4,"5,613"
2022-11-16,"12,474","5,150,067",9,"5,622"
2022-11-17,"10,840","5,160,907",14,"5,636"
2022-11-18,"9,733","5,170,640",11,"5,647"
2022-11-19,"10,119","5,180,759",10,"5,657"
2022-11-20,"8,800","5,189,559",5,"5,662"
2022-11-21,"3,821","5,193,380",3,"5,665"
2022-11-22,"15,610","5,208,990",10,"5,675"
2022-11-23,"13,493","5,222,483",8,"5,683"
2022-11-24,"11,447","5,233,930",14,"5,697"
2022-11-25,"10,677","5,244,607",8,"5,705"
2022-11-26,"10,157","5,254,764",5,"5,710"
2022-11-27,"9,152","5,263,916",9,"5,719"
2022-11-28,"3,791","5,267,707",13,"5,732"
2022-11-29,"15,500","5,283,207",4,"5,736"
2022-11-30,"12,284","5,295,491",11,"5,747"
2022-12-01,"11,027","5,306,518",17,"5,764"
2022-12-02,"10,482","5,317,000",5,"5,769"
2022-12-03,"10,361","5,327,361",11,"5,780"
2022-12-04,"8,523","5,335,884",7,"5,787"
2022-12-05,"3,920","5,339,804",11,"5,798"
2022-12-06,"16,368","5,356,172",5,"5,803"
2022-12-07,"13,742","5,369,914",7,"5,810"
2022-12-08,"11,973","5,381,887",9,"5,819"
2022-12-09,"11,842","5,393,729",10,"5,829"
2022-12-10,"11,682","5,405,411",8,"5,837"
2022-12-11,"9,595","5,415,006",3,"5,840"
2022-12-12,"3,907","5,418,913",3,"5,843"
2022-12-13,"17,688","5,436,601",3,"5,846"
2022-12-14,"15,170","5,451,771",7,"5,853"
2022-12-15,"12,826","5,464,597",9,"5,862"
2022-12-16,"12,392","5,476,989",8,"5,870"
2022-12-17,"12,395","5,489,384",9,"5,879"
2022-12-18,"10,636","5,500,020",8,"5,887"
2022-12-19,"4,190","5,504,210",7,"5,894"
2022-12-20,"18,209","5,522,419",12,"5,906"
2022-12-21,"15,555","5,537,974",8,"5,914"
2022-12-22,"13,935","5,551,909",9,"5,923"
2022-12-23,"12,405","5,564,314",7,"5,930"
2022-12-24,"12,075","5,576,389",11,"5,941"
2022-12-25,"10,494","5,586,883",4,"5,945"
2022-12-26,"3,579","5,590,462",8,"5,953"
2022-12-27,"18,717","5,609,179",3,"5,956"
2022-12-28,"15,772","5,624,951",10,"5,966"
2022-12-29,"13,388","5,638,339",13,"5,979"
2022-12-30,"11,665","5,650,004",8,"5,987"
2022-12-31,"11,592","5,661,596",5,"5,992"
2023-01-01,"9,980","5,671,576",3,"5,995"
2023-01-02,"3,302","5,674,878",10,"6,005"
2023-01-03,"16,955","5,691,833",5,"6,010"
2023-01-04,"13,907","5,705,740",13,"6,023"
2023-01-05,"11,502","5,717,242",9,"6,032"
2023-01-06,"10,403","5,727,645",8,"6,040"
2023-01-07,"9,914","5,737,559",10,"6,050"
2023-01-08,"7,814","5,745,373",5,"6,055"
2023-01-09,"2,841","5,748,214",4,"6,059"
2023-01-10,"12,133","5,760,347",11,"6,070"
2023-01-11,"9,527","5,769,874",16,"6,086"
2023-01-12,"7,940","5,777,814",10,"6,096"
2023-01-13,"7,192","5,785,006",5,"6,101"
2023-01-14,"6,640","5,791,646",7,"6,108"
2023-01-15,"5,745","5,797,391",6,"6,114"
2023-01-16,"2,135","5,799,526",4,"6,118"
2023-01-17,"8,542","5,808,068",3,"6,121"
2023-01-18,"6,632","5,814,700",9,"6,130"
2023-01-19,"5,495","5,820,195",9,"6,139"
2023-01-20,"5,004","5,825,199",4,"6,143"
2023-01-21,"5,158","5,830,357",5,"6,148"
2023-01-22,"2,313","5,832,670",2,"6,150"
2023-01-23,"1,438","5,834,108",5,"6,155"
2023-01-24,"2,125","5,836,233",1,"6,156"
2023-01-25,"3,184","5,839,417",1,"6,157"
2023-01-26,"6,810","5,846,227",3,"6,160"
2023-01-27,"5,081","5,851,308",5,"6,165"
2023-01-28,"4,061","5,855,369",6,"6,171"
2023-01-29,"2,921","5,858,290",6,"6,177"
2023-01-30,919,"5,859,209",4,"6,181"
2023-01-31,"3,694","5,862,903",3,"6,184"
2023-02-01,"3,275","5,866,178",4,"6,188"
2023-02-02,"2,879","5,869,057",4,"6,192"
2023-02-03,"2,548","5,871,605",4,"6,196"
2023-02-04,"2,433","5,874,038",1,"6,197"
2023-02-05,"2,296","5,876,334",4,"6,201"
2023-02-06,814,"5,877,148",1,"6,202"
2023-02-07,"3,042","5,880,190",2,"6,204"
2023-02-08,"2,897","5,883,087",4,"6,208"
2023-02-09,"2,457","5,885,544",8,"6,216"
2023-02-10,"2,366","5,887,910",2,"6,218"
2023-02-11,"2,289","5,890,199",2,"6,220"
2023-02-12,"2,125","5,892,324",3,"6,223"
2023-02-13,741,"5,893,065",2,"6,225"
2023-02-14,"2,698","5,895,763",4,"6,229"
2023-02-15,"2,568","5,898,331",5,"6,234"
2023-02-16,"2,278","5,900,609",1,"6,235"
2023-02-17,"2,095","5,902,704",7,"6,242"
2023-02-18,"1,976","5,904,680",3,"6,245"
2023-02-19,"1,905","5,906,585",1,"6,246"
2023-02-20,701,"5,907,286",1,"6,247"
2023-02-21,"2,500","5,909,786",1,"6,248"
2023-02-22,"2,346","5,912,132",4,"6,252"
2023-02-23,"2,115","5,914,247",1,"6,253"
2023-02-24,"1,956","5,916,203",5,"6,258"
2023-02-25,"1,920","5,918,123",3,"6,261"
2023-02-26,"1,764","5,919,887",2,"6,263"
2023-02-27,621,"5,920,508",1,"6,264"
2023-02-28,"2,324","5,922,832",3,"6,267"
2023-03-01,"2,299","5,925,131",1,"6,268"
2023-03-02,"1,194","5,926,325",2,"6,270"
2023-03-03,"2,294","5,928,619",4,"6,274"
2023-03-04,"2,212","5,930,831",1,"6,275"
2023-03-05,"2,006","5,932,837",1,"6,276"
2023-03-06,734,"5,933,571",2,"6,278"
2023-03-07,"2,741","5,936,312",3,"6,281"
2023-03-08,"2,443","5,938,755",0,"6,281"
2023-03-09,"2,128","5,940,883",0,"6,281"
2023-03-10,"2,168","5,943,051",1,"6,282"
2023-03-11,"1,976","5,945,027",0,"6,282"
2023-03-12,"1,824","5,946,851",2,"6,284"
2023-03-13,689,"5,947,540",1,"6,285"
2023-03-14,"2,396","5,949,936",0,"6,285"
2023-03-15,"2,308","5,952,244",1,"6,286"
2023-03-16,"1,976","5,954,220",1,"6,287"
2023-03-17,"1,988","5,956,208",0,"6,287"
2023-03-18,"1,923","5,958,131",1,"6,288"
2023-03-19,"1,869","5,960,000",0,"6,288"
2023-03-20,688,"5,960,688",1,"6,289"
2023-03-21,"2,836","5,963,524",1,"6,290"
2023-03-22,"2,718","5,966,242",2,"6,292"
2023-03-23,"2,463","5,968,705",2,"6,294"
2023-03-24,"2,190","5,970,895",1,"6,295"
2023-03-25,"2,266","5,973,161",1,"6,296"
2023-03-26,"2,205","5,975,366",2,"6,298"
2023-03-27,772,"5,976,138",1,"6,299"
2023-03-28,"3,113","5,979,251",0,"6,299"
2023-03-29,"2,969","5,982,220",1,"6,300"
2023-03-30,"2,732","5,984,952",2,"6,302"
2023-03-31,"2,477","5,987,429",3,"6,305"
2023-04-01,"2,521","5,989,950",1,"6,306"
2023-04-02,"2,400","5,992,350",0,"6,306"
2023-04-03,842,"5,993,192",1,"6,307"
2023-04-04,"3,584","5,996,776",3,"6,310"
2023-04-05,"3,351","6,000,127",3,"6,313"
2023-04-06,"2,879","6,003,006",3,"6,316"
2023-04-07,"2,664","6,005,670",2,"6,318"
2023-04-08,"2,584","6,008,254",0,"6,318"
2023-04-09,"2,285","6,010,539",0,"6,318"
2023-04-10,826,"6,011,365",1,"6,319"
2023-04-11,"3,485","6,014,850",3,"6,322"
2023-04-12,"3,495","6,018,345",3,"6,325"
2023-04-13,"2,815","6,021,160",2,"6,327"
2023-04-14,"3,009","6,024,169",0,"6,327"
2023-04-15,"2,918","6,027,087",0,"6,327"
2023-04-16,"2,601","6,029,688",1,"6,328"
2023-04-17,"1,055","6,030,743",1,"6,329"
2023-04-18,"4,366","6,035,109",2,"6,331"
2023-04-19,"4,246","6,039,355",1,"6,332"
2023-04-20,"3,680","6,043,035",2,"6,334"
2023-04-21,"3,478","6,046,513",0,"6,334"
2023-04-22,"3,530","6,050,043",1,"6,335"
2023-04-23,"2,958","6,053,001",1,"6,336"
2023-04-24,"1,019","6,054,020",1,"6,337"
2023-04-25,"4,145","6,058,165",0,"6,337"
2023-04-26,"4,217","6,062,382",3,"6,340"
2023-04-27,"3,721","6,066,103",3,"6,343"
2023-04-28,"3,590","6,069,693",1,"6,344"
2023-04-29,"3,661","6,073,354",0,"6,344"
2023-04-30,"3,341","6,076,695",1,"6,345"
2023-05-01,"1,111","6,077,806",2,"6,347"
2023-05-02,"3,963","6,081,769",3,"6,350"
2023-05-03,"5,132","6,086,901",1,"6,351"
2023-05-04,"4,925","6,091,826",3,"6,354"
2023-05-05,"4,645","6,096,471",1,"6,355"
2023-05-06,"2,381","6,098,852",1,"6,356"
2023-05-07,"3,761","6,102,613",2,"6,358"
2023-05-08,"1,641","6,104,254",2,"6,360"
2023-05-09,"5,744","6,109,998",5,"6,365"
2023-05-10,"5,620","6,115,618",4,"6,369"
2023-05-11,"4,855","6,120,473",3,"6,372"
2023-05-12,"5,128","6,125,601",1,"6,373"
2023-05-13,"4,573","6,130,174",2,"6,375"
2023-05-14,"4,181","6,134,355",2,"6,377"
2023-05-15,"1,427","6,135,782",2,"6,379"
2023-05-16,"6,195","6,141,977",3,"6,382"
2023-05-17,"6,043","6,148,020",4,"6,386"
2023-05-18,"5,061","6,153,081",0,"6,386"
2023-05-19,"4,632","6,157,713",2,"6,388"
2023-05-20,"4,370","6,162,083",2,"6,390"
2023-05-21,"4,194","6,166,277",1,"6,391"
2023-05-22,"1,269","6,167,546",6,"6,397"
2023-05-23,"5,361","6,172,907",1,"6,398"
2023-05-24,"5,309","6,178,216",2,"6,400"
2023-05-25,"4,432","6,182,648",2,"6,402"
2023-05-26,"4,213","6,186,861",2,"6,404"
2023-05-27,"4,078","6,190,939",0,"6,404"
2023-05-28,"2,373","6,193,312",0,"6,404"
2023-05-29,"1,393","6,194,705",1,"6,405"
2023-05-30,"3,321","6,198,026",1,"6,406"
2023-05-31,"5,984","6,204,010",6,"6,412"
2023-06-01,"5,568","6,209,578",2,"6,414"
2023-06-02,"4,710","6,214,288",3,"6,417"
2023-06-03,"4,149","6,218,437",2,"6,419"
2023-06-04,"3,748","6,222,185",0,"6,419"
2023-06-05,"1,175","6,223,360",1,"6,420"
2023-06-06,"4,734","6,228,094",2,"6,422"
2023-06-07,"2,785","6,230,879",0,"6,422"
2023-06-08,"4,865","6,235,744",3,"6,425"
2023-06-09,"4,671","6,240,415",4,"6,429"
2023-06-10,"3,861","6,244,276",1,"6,430"
2023-06-11,"3,506","6,247,782",2,"6,432"
2023-06-12,866,"6,248,648",1,"6,433"
2023-06-13,"4,758","6,253,406",3,"6,436"
2023-06-14,"4,207","6,257,613",1,"6,437"
2023-06-15,"3,720","6,261,333",2,"6,439"
2023-06-16,"3,548","6,264,881",4,"6,443"
2023-06-17,"3,463","6,268,344",1,"6,444"
2023-06-18,"3,212","6,271,556",2,"6,446"
2023-06-19,"1,047","6,272,603",1,"6,447"
2023-06-20,"4,454","6,277,057",2,"6,449"
2023-06-21,"4,267","6,281,324",3,"6,452"
2023-06-22,"3,466","6,284,790",4,"6,456"
2023-06-23,"3,510","6,288,300",1,"6,457"
2023-06-24,"3,440","6,291,740",0,"6,457"
2023-06-25,"3,334","6,295,074",1,"6,458"
2023-06-26,"1,141","6,296,215",0,"6,458"
2023-06-27,"4,867","6,301,082",5,"6,463"
2023-06-28,"4,615","6,305,697",1,"6,464"
2023-06-29,"4,088","6,309,785",2,"6,466"
2023-06-30,"3,838","6,313,623",4,"6,470"
2023-07-01,"3,836","6,317,459",0,"6,470"
2023-07-02,"3,479","6,320,938",0,"6,470"
2023-07-03,"1,129","6,322,067",0,"6,470"
2023-07-04,"5,575","6,327,642",2,"6,472"
2023-07-05,"5,328","6,332,970",3,"6,475"
2023-07-06,"4,846","6,337,816",1,"6,476"
2023-07-07,"5,170","6,342,986",0,"6,476"
2023-07-08,"5,092","6,348,078",0,"6,476"
2023-07-09,"4,442","6,352,520",0,"6,476"
2023-07-10,"1,375","6,353,895",0,"6,476"
2023-07-11,"6,511","6,360,406",0,"6,476"
2023-07-12,"6,413","6,366,819",2,"6,478"
2023-07-13,"5,484","6,372,303",2,"6,480"
2023-07-14,"5,489","6,377,792",3,"6,483"
2023-07-15,"5,701","6,383,493",2,"6,485"
2023-07-16,"4,950","6,388,443",0,"6,485"
2023-07-17,"1,779","6,390,222",1,"6,486"
2023-07-18,"8,377","6,398,599",0,"6,486"
2023-07-19,"8,204","6,406,803",0,"6,486"
2023-07-20,"7,471","6,414,274",2,"6,488"
2023-07-21,"7,719","6,421,993",2,"6,490"
2023-07-22,"7,731","6,429,724",0,"6,490"
2023-07-23,"7,904","6,437,628",1,"6,491"
2023-07-24,"2,235","6,439,863",2,"6,493"
2023-07-25,"10,222","6,450,085",2,"6,495"
2023-07-26,"10,169","6,460,254",3,"6,498"
2023-07-27,"9,207","6,469,461",3,"6,501"
2023-07-28,"8,887","6,478,348",0,"6,501"
2023-07-29,"8,755","6,487,103",1,"6,502"
2023-07-30,"8,062","6,495,165",0,"6,502"
2023-07-31,"2,624","6,497,789",1,"6,503"
2023-08-01,"11,888","6,509,677",1,"6,504"
2023-08-02,"11,939","6,521,616",3,"6,507"
2023-08-03,"9,998","6,531,614",2,"6,509"
2023-08-04,"10,403","6,542,017",4,"6,513"
2023-08-05,"9,621","6,551,638",4,"6,517"
2023-08-06,"8,594","6,560,232",1,"6,518"
2023-08-07,"2,996","6,563,228",1,"6,519"
2023-08-08,"12,332","6,575,560",0,"6,519"
2023-08-09,"12,075","6,587,635",3,"6,522"
2023-08-10,"10,305","6,597,940",6,"6,528"
2023-08-11,"9,235","6,607,175",4,"6,532"
2023-08-12,"8,558","6,615,733",3,"6,535"
2023-08-13,"8,166","6,623,899",2,"6,537"
2023-08-14,"2,729","6,626,628",3,"6,540"
2023-08-15,"9,375","6,636,003",1,"6,541"
2023-08-16,"5,875","6,641,878",0,"6,541"
2023-08-17,"10,124","6,652,002",5,"6,546"
2023-08-18,"9,492","6,661,494",3,"6,549"
2023-08-19,"8,354","6,669,848",2,"6,551"
2023-08-20,"7,327","6,677,175",3,"6,554"
2023-08-21,"2,329","6,679,504",2,"6,556"
2023-08-22,"9,672","6,689,176",3,"6,559"
2023-08-23,"8,823","6,697,999",2,"6,561"
2023-08-24,"7,179","6,705,178",4,"6,565"
2023-08-25,"6,872","6,712,050",2,"6,567"
2023-08-26,"6,730","6,718,780",3,"6,570"
2023-08-27,"6,012","6,724,792",4,"6,574"
2023-08-28,"1,905","6,726,697",1,"6,575"
2023-08-29,"8,485","6,735,182",1,"6,576"
2023-08-30,"7,470","6,742,652",5,"6,581"
2023-08-31,"8,683","6,751,335",6,"6,587"
